{
  "Premier League": {
    "global_avg": 1.4184133722472805,
    "attack": {
      "Arsenal": 1.3296135537514848,
      "Aston Villa": 1.0213307558047735,
      "Bournemouth": 0.9368944769461566,
      "Brentford": 1.0556345791045731,
      "Brighton": 0.8984237656804028,
      "Burnley": 0.7167242748638097,
      "Cardiff": 0.6308011892807215,
      "Chelsea": 1.2080595720442462,
      "Crystal Palace": 0.8475157405417453,
      "Everton": 0.8490078106936344,
      "Fulham": 0.842882321153926,
      "Huddersfield": 0.46382440388288343,
      "Hull": 0.6864601177466675,
      "Ipswich": 0.6679071415913521,
      "Leeds": 0.9415946690368763,
      "Leicester": 1.0111372004646857,
      "Liverpool": 1.5035292506556874,
      "Luton": 0.9647547600763975,
      "Man City": 1.6800312024898312,
      "Man United": 1.1313870605058345,
      "Middlesbrough": 0.5009303561935141,
      "Newcastle": 0.9961689438910022,
      "Norwich": 0.45454791580522574,
      "Nottingham Forest": 0.8942783540098976,
      "Sheffield United": 0.5813265861998805,
      "Southampton": 0.7560337783291,
      "Stoke": 0.7050130939019827,
      "Sunderland": 0.6374090985963131,
      "Swansea": 0.6771836296690098,
      "Tottenham": 1.2679015322693483,
      "Watford": 0.7643826175989918,
      "West Brom": 0.6740914669764572,
      "West Ham": 0.949991118573494,
      "Wolves": 0.7776224158653098
    },
    "defense": {
      "Arsenal": 0.7723352991552225,
      "Aston Villa": 0.9891628579841507,
      "Bournemouth": 1.1687758599903304,
      "Brentford": 1.0179333441365526,
      "Brighton": 0.9857705206771086,
      "Burnley": 1.0985087742193687,
      "Cardiff": 1.2801553547167583,
      "Chelsea": 0.8116065855529456,
      "Crystal Palace": 0.9993935613025448,
      "Everton": 0.9612114861157006,
      "Fulham": 1.0998204264870932,
      "Huddersfield": 1.2430494024061274,
      "Hull": 1.4842380924252268,
      "Ipswich": 1.5213440447358575,
      "Leeds": 1.24441908520954,
      "Leicester": 1.0876682271053617,
      "Liverpool": 0.7087532164160517,
      "Luton": 1.5770029732018036,
      "Man City": 0.6093863178674054,
      "Man United": 0.8433976269225311,
      "Middlesbrough": 0.9833077362317127,
      "Newcastle": 0.9774517821059938,
      "Norwich": 1.4749616043475693,
      "Nottingham Forest": 1.0740803511124166,
      "Sheffield United": 1.273971029331653,
      "Southampton": 1.2129008161537402,
      "Stoke": 1.1502845216295507,
      "Sunderland": 1.1106370657360003,
      "Swansea": 1.1688374977848661,
      "Tottenham": 0.890149158348392,
      "Watford": 1.2319176167129384,
      "West Brom": 1.1317315454742356,
      "West Ham": 1.1201666929636278,
      "Wolves": 1.0212149798713106
    },
    "match_count": 3769,
    "latest_match_date": "2026-05-04"
  },
  "La Liga": {
    "global_avg": 1.3090425531914893,
    "attack": {
      "Alaves": 0.7571367775162355,
      "Almeria": 0.9247417609444172,
      "Ath Bilbao": 0.9488013002844372,
      "Ath Madrid": 1.284030881755384,
      "Barcelona": 1.7960178789110117,
      "Betis": 1.0321007720438846,
      "Cadiz": 0.6382728458692445,
      "Celta": 1.0077204388459975,
      "Eibar": 0.8604118993135011,
      "Elche": 0.7690787089405537,
      "Espanol": 0.8377624271976162,
      "Getafe": 0.7503564481653439,
      "Girona": 1.0572067103964706,
      "Granada": 0.8483500502577044,
      "Huesca": 0.7739686477469577,
      "La Coruna": 0.8141748112662803,
      "Las Palmas": 0.7538655659872966,
      "Leganes": 0.7076284779400758,
      "Levante": 0.971948104719336,
      "Malaga": 0.7337624842276353,
      "Mallorca": 0.7605067626400418,
      "Osasuna": 0.84030881755384,
      "Oviedo": 0.5841719052513326,
      "Real Madrid": 1.60503860219423,
      "Sevilla": 1.0524177163754571,
      "Sociedad": 1.044290938642828,
      "Sp Gijon": 0.8443294339057723,
      "Valencia": 0.9731816334823243,
      "Valladolid": 0.631236767253363,
      "Vallecano": 0.7843791722296395,
      "Villarreal": 1.2332385209264527
    },
    "defense": {
      "Alaves": 1.0645117080899908,
      "Almeria": 1.407215723176287,
      "Ath Bilbao": 0.8370581064607883,
      "Ath Madrid": 0.642015440877692,
      "Barcelona": 0.7110930516050387,
      "Betis": 1.0239739943112556,
      "Cadiz": 1.0905921854616223,
      "Celta": 1.1194636326696465,
      "Eibar": 1.0413396351504525,
      "Elche": 1.1716836706678235,
      "Espanol": 1.0796695110388732,
      "Getafe": 0.8204198514578911,
      "Girona": 1.1049515295756662,
      "Granada": 1.3348446288415066,
      "Huesca": 1.1860818238200133,
      "La Coruna": 1.377061100536795,
      "Las Palmas": 1.2865972326183195,
      "Leganes": 1.0292777860946556,
      "Levante": 1.2447756428861672,
      "Malaga": 1.165978742060352,
      "Mallorca": 1.0572067103964706,
      "Osasuna": 1.1178653663822296,
      "Oviedo": 1.2132801109066138,
      "Real Madrid": 0.7029662738724096,
      "Sevilla": 0.9528646891507517,
      "Sociedad": 0.9223892726533929,
      "Sp Gijon": 1.4474218866956094,
      "Valencia": 0.9975619666802114,
      "Valladolid": 1.2222673709874037,
      "Vallecano": 1.0469756777152144,
      "Villarreal": 0.9345794392523364
    },
    "match_count": 3760,
    "latest_match_date": "2026-05-04"
  },
  "Serie A": {
    "global_avg": 1.3718832891246684,
    "attack": {
      "Atalanta": 1.3766434648105181,
      "Benevento": 0.7001516261651809,
      "Bologna": 0.9300077339520496,
      "Brescia": 0.671378271665242,
      "Cagliari": 0.7977320584860161,
      "Chievo": 0.6649841928874778,
      "Como": 1.0784095604360677,
      "Cremonese": 0.6290722435877062,
      "Crotone": 0.7608953745539409,
      "Empoli": 0.732122020054002,
      "Fiorentina": 1.0305491105955142,
      "Frosinone": 0.7001516261651809,
      "Genoa": 0.7590280772117619,
      "Inter": 1.488785769528229,
      "Juventus": 1.2935034802784224,
      "Lazio": 1.2470997679814386,
      "Lecce": 0.6548630842339045,
      "Milan": 1.2045630317092035,
      "Monza": 0.7353190594428841,
      "Napoli": 1.3708430007733952,
      "Palermo": 0.6330137989986567,
      "Parma": 0.7990888825473239,
      "Pescara": 0.7097427443318273,
      "Pisa": 0.5206607004750856,
      "Roma": 1.2451662799690644,
      "Salernitana": 0.7225309018873557,
      "Sampdoria": 0.9180070245218616,
      "Sassuolo": 1.010603955494414,
      "Spal": 0.7033486655540631,
      "Spezia": 0.792865768442762,
      "Torino": 0.9184068058778037,
      "Udinese": 0.8546017014694508,
      "Venezia": 0.6330137989986567,
      "Verona": 0.7555634351080311
    },
    "defense": {
      "Atalanta": 0.8275328692962103,
      "Benevento": 1.524987788496764,
      "Bologna": 1.0054137664346483,
      "Brescia": 1.5153966703301176,
      "Cagliari": 1.1761709865009458,
      "Chievo": 1.246845361664021,
      "Como": 0.7988218966193095,
      "Cremonese": 1.218203392344447,
      "Crotone": 1.3811210159970693,
      "Empoli": 1.160525298164204,
      "Fiorentina": 0.9377416860015468,
      "Frosinone": 1.3235743069971915,
      "Genoa": 1.068659927405795,
      "Inter": 0.6670533642691415,
      "Juventus": 0.634184068058778,
      "Lazio": 0.8758700696055686,
      "Lecce": 1.1304184192132876,
      "Milan": 0.7830626450116009,
      "Monza": 1.0997815497754442,
      "Napoli": 0.699922660479505,
      "Palermo": 1.4770321976635323,
      "Parma": 1.1732963592524122,
      "Pescara": 1.553761142996703,
      "Pisa": 1.3120649651972158,
      "Roma": 0.7946635730858469,
      "Salernitana": 1.4130914098858904,
      "Sampdoria": 1.148193860521373,
      "Sassuolo": 1.1761709865009458,
      "Spal": 1.2276631253307282,
      "Spezia": 1.310786149441663,
      "Torino": 0.9802784222737819,
      "Udinese": 1.0479505027068832,
      "Venezia": 1.1988897708307893,
      "Verona": 1.1357668303386752
    },
    "match_count": 3770,
    "latest_match_date": "2026-05-04"
  },
  "Bundesliga": {
    "global_avg": 1.5466798159105852,